,Location name,Baseline Prevalence of Vitamin A deficiency in age group Under 5 (per 100),Baseline Number in age group Under 5 with Vitamin A deficiency (1000s),Baseline DALYs attributable to Vitamin A deficiency in age group Under 5 (1000s),"Baseline DALYs attributable to Vitamin A deficiency per 100,000 person-years in age group Under 5",Percent of population eating vitamin a fortified maize flour at baseline,Percent of population eating vitamin a fortified maize flour: 20% scale-up,Percent of population eating vitamin a fortified maize flour: 50% scale-up,Percent of population eating vitamin a fortified maize flour: 80% scale-up,Percent of population eating vitamin a fortified oil at baseline,Percent of population eating vitamin a fortified oil: 20% scale-up,Percent of population eating vitamin a fortified oil: 50% scale-up,Percent of population eating vitamin a fortified oil: 80% scale-up,Percent of population eating vitamin a fortified wheat flour at baseline,Percent of population eating vitamin a fortified wheat flour: 20% scale-up,Percent of population eating vitamin a fortified wheat flour: 50% scale-up,Percent of population eating vitamin a fortified wheat flour: 80% scale-up,"Vitamin A in maize flour DALYs averted per 100,000 person-years: 20.0% scale-up","Vitamin A in maize flour DALYs averted per 100,000 person-years: 50.0% scale-up","Vitamin A in maize flour DALYs averted per 100,000 person-years: 80.0% scale-up",Vitamin A in maize flour DALYs averted: 20.0% scale-up,Vitamin A in maize flour DALYs averted: 50.0% scale-up,Vitamin A in maize flour DALYs averted: 80.0% scale-up,Vitamin A in maize flour PIF (percent): 20.0% scale-up,Vitamin A in maize flour PIF (percent): 50.0% scale-up,Vitamin A in maize flour PIF (percent): 80.0% scale-up,Vitamin A in maize flour vitamin A deficiency prevalence 20.0% scale-up,Vitamin A in maize flour vitamin A deficiency prevalence 50.0% scale-up,Vitamin A in maize flour vitamin A deficiency prevalence 80.0% scale-up,"Vitamin A in oil DALYs averted per 100,000 person-years: 20.0% scale-up","Vitamin A in oil DALYs averted per 100,000 person-years: 50.0% scale-up","Vitamin A in oil DALYs averted per 100,000 person-years: 80.0% scale-up",Vitamin A in oil DALYs averted: 20.0% scale-up,Vitamin A in oil DALYs averted: 50.0% scale-up,Vitamin A in oil DALYs averted: 80.0% scale-up,Vitamin A in oil PIF (percent): 20.0% scale-up,Vitamin A in oil PIF (percent): 50.0% scale-up,Vitamin A in oil PIF (percent): 80.0% scale-up,Vitamin A in oil vitamin A deficiency prevalence 20.0% scale-up,Vitamin A in oil vitamin A deficiency prevalence 50.0% scale-up,Vitamin A in oil vitamin A deficiency prevalence 80.0% scale-up,"Vitamin A in wheat flour DALYs averted per 100,000 person-years: 20.0% scale-up","Vitamin A in wheat flour DALYs averted per 100,000 person-years: 50.0% scale-up","Vitamin A in wheat flour DALYs averted per 100,000 person-years: 80.0% scale-up",Vitamin A in wheat flour DALYs averted: 20.0% scale-up,Vitamin A in wheat flour DALYs averted: 50.0% scale-up,Vitamin A in wheat flour DALYs averted: 80.0% scale-up,Vitamin A in wheat flour PIF (percent): 20.0% scale-up,Vitamin A in wheat flour PIF (percent): 50.0% scale-up,Vitamin A in wheat flour PIF (percent): 80.0% scale-up,Vitamin A in wheat flour vitamin A deficiency prevalence 20.0% scale-up,Vitamin A in wheat flour vitamin A deficiency prevalence 50.0% scale-up,Vitamin A in wheat flour vitamin A deficiency prevalence 80.0% scale-up,Annual oil fortification cost (millions of US dollars),"Vitamin A fortified maize flour cost per DALY averted (US dollars), median and IQR","Vitamin A fortified oil cost per DALY averted (US dollars), median and IQR","Vitamin A fortified wheat flour cost per DALY averted (US dollars), median and IQR"
0,Angola,"26.4
(18.4, 36.9)","1,358
(947, 1,899)","35.8
(9.0, 68.7)","695
(174, 1,335)","7.7
(1.1, 15.1)","8.3
(1.5, 15.8)","9.2
(2.0, 16.7)","10.0
(2.6, 17.6)","8.8
(8.2, 9.4)","14.8
(13.8, 15.8)","23.9
(22.2, 25.5)","33.0
(30.6, 35.2)","16.9
(7.9, 26.1)","18.8
(8.8, 29.0)","21.6
(10.1, 33.4)","24.4
(11.4, 37.7)","2
(-0, 4)","4
(-0, 10)","7
(-0, 16)","86
(-6, 212)","214
(-14, 531)","342
(-23, 849)","0.2
(-0.0, 0.4)","0.6
(-0.0, 1.0)","1.0
(-0.1, 1.7)","26.3
(18.4, 36.8)","26.2
(18.3, 36.7)","26.1
(18.3, 36.5)","18
(-1, 44)","44
(-3, 111)","71
(-5, 178)","913
(-69, 2,288)","2,283
(-172, 5,720)","3,653
(-274, 9,152)","2.6
(-0.2, 4.3)","6.4
(-0.5, 10.8)","10.2
(-0.8, 17.2)","25.6
(18.0, 35.9)","24.5
(17.0, 34.9)","23.3
(16.0, 33.1)","6
(-0, 16)","14
(-1, 40)","23
(-2, 64)","297
(-22, 822)","743
(-55, 2,055)","1,189
(-88, 3,288)","0.8
(-0.1, 1.8)","2.1
(-0.2, 4.4)","3.3
(-0.2, 7.0)","26.1
(18.3, 36.6)","25.8
(18.1, 36.1)","25.4
(17.7, 35.6)",3.93,"12,851
(8,754, 21,426)","1,086
(743, 1,769)","122
(78, 219)"
1,Bangladesh,"8.4
(5.3, 12.8)","1,156
(727, 1,765)","8.2
(4.5, 13.3)","59
(32, 97)",Not modeled,Not modeled,Not modeled,Not modeled,"42.8
(41.3, 44.3)","51.9
(50.0, 53.9)","65.6
(62.9, 68.3)","79.3
(75.8, 82.7)","0.2
(0.1, 0.2)","7.8
(5.7, 9.7)","19.2
(14.2, 24.0)","30.6
(22.6, 38.2)",Not modeled,Not modeled,Not modeled,Not modeled,Not modeled,Not modeled,Not modeled,Not modeled,Not modeled,Not modeled,Not modeled,Not modeled,"3
(-0, 7)","8
(-0, 17)","12
(-1, 28)","424
(-17, 956)","1,060
(-43, 2,391)","1,696
(-69, 3,825)","5.2
(-0.2, 9.3)","13.0
(-0.6, 23.2)","20.8
(-0.9, 37.2)","7.9
(5.0, 12.2)","7.2
(4.6, 11.3)","6.5
(3.9, 10.5)","2
(-0, 4)","5
(-0, 11)","8
(-0, 17)","268
(-15, 591)","671
(-37, 1,478)","1,073
(-60, 2,364)","3.3
(-0.2, 5.7)","8.2
(-0.5, 14.3)","13.2
(-0.8, 22.9)","8.1
(5.1, 12.4)","7.7
(4.9, 11.8)","7.2
(4.6, 11.1)",27.77,Not modeled,"16,113
(11,568, 23,902)","902
(665, 1,284)"
2,Burkina Faso,"35.4
(26.0, 45.7)","1,433
(1,053, 1,848)","67.6
(17.2, 144.7)","1,671
(424, 3,576)","0.0
(0.0, 0.0)","0.0
(0.0, 0.0)","0.0
(0.0, 0.0)","0.0
(0.0, 0.0)","51.0
(10.8, 90.4)","53.2
(13.8, 91.2)","56.6
(18.4, 92.3)","59.9
(23.0, 93.4)","12.2
(6.1, 18.4)","20.1
(9.4, 30.8)","31.9
(14.5, 49.4)","43.8
(19.6, 68.0)","0
(0, 0)","0
(0, 0)","0
(0, 0)","0
(0, 0)","0
(0, 0)","0
(0, 0)","0.0
(0.0, 0.0)","0.0
(0.0, 0.0)","0.0
(0.0, 0.0)","35.4
(26.0, 45.7)","35.4
(26.0, 45.7)","35.4
(26.0, 45.7)","21
(-1, 60)","52
(-3, 150)","84
(-4, 241)","849
(-43, 2,434)","2,123
(-108, 6,085)","3,397
(-172, 9,736)","1.3
(-0.0, 2.4)","3.1
(-0.1, 6.0)","5.0
(-0.2, 9.6)","34.9
(25.7, 45.3)","34.2
(25.1, 44.1)","33.4
(24.5, 43.2)","58
(-4, 180)","146
(-11, 450)","233
(-18, 720)","2,360
(-181, 7,276)","5,901
(-451, 18,191)","9,441
(-722, 29,105)","3.5
(-0.2, 7.6)","8.8
(-0.4, 18.9)","14.0
(-0.6, 30.2)","34.1
(25.2, 44.0)","32.0
(23.6, 41.8)","30.0
(21.0, 40.8)",3.47,Not modeled,"1,070
(685, 1,821)","15
(9, 26)"
3,Cameroon,"27.9
(19.0, 38.5)","1,174
(798, 1,619)","63.6
(11.7, 137.4)","1,511
(279, 3,265)","5.2
(2.2, 8.2)","6.5
(2.7, 10.3)","8.4
(3.5, 13.3)","10.4
(4.3, 16.4)","30.5
(30.2, 30.8)","33.9
(33.0, 34.8)","39.1
(37.2, 40.8)","44.3
(41.4, 46.9)","43.1
(20.1, 65.5)","49.0
(24.4, 71.9)","57.9
(30.9, 81.4)","66.9
(37.4, 90.9)","8
(-1, 26)","21
(-2, 66)","33
(-4, 106)","351
(-38, 1,111)","878
(-95, 2,777)","1,405
(-153, 4,444)","0.5
(-0.0, 1.1)","1.4
(-0.1, 2.8)","2.2
(-0.2, 4.5)","27.7
(18.8, 38.2)","27.5
(18.6, 37.9)","27.2
(18.5, 37.3)","26
(-2, 74)","64
(-6, 185)","103
(-10, 297)","1,084
(-102, 3,120)","2,709
(-256, 7,799)","4,334
(-410, 12,479)","1.7
(-0.1, 3.1)","4.2
(-0.2, 7.7)","6.8
(-0.4, 12.4)","27.4
(18.6, 37.8)","26.6
(18.2, 36.7)","25.8
(17.7, 35.2)","49
(-4, 148)","123
(-11, 371)","197
(-17, 594)","2,074
(-183, 6,243)","5,186
(-458, 15,607)","8,298
(-732, 24,971)","3.2
(-0.1, 6.8)","8.1
(-0.3, 16.9)","13.0
(-0.6, 27.1)","26.9
(18.4, 37.2)","25.3
(17.4, 34.8)","23.8
(15.9, 33.7)",3.9,Not modeled,"971
(600, 1,600)","15
(9, 26)"
4,China,"3.9
(2.4, 6.1)","3,141
(1,924, 4,995)","12.5
(7.5, 18.8)","15
(9, 23)",Not modeled,Not modeled,Not modeled,Not modeled,Not modeled,Not modeled,Not modeled,Not modeled,"6.4
(3.3, 9.4)","15.8
(8.2, 23.3)","30.1
(15.6, 44.3)","44.3
(23.0, 65.2)",Not modeled,Not modeled,Not modeled,Not modeled,Not modeled,Not modeled,Not modeled,Not modeled,Not modeled,Not modeled,Not modeled,Not modeled,Not modeled,Not modeled,Not modeled,Not modeled,Not modeled,Not modeled,Not modeled,Not modeled,Not modeled,Not modeled,Not modeled,Not modeled,"1
(-0, 1)","2
(-0, 4)","3
(-0, 6)","525
(-27, 1,147)","1,312
(-68, 2,867)","2,100
(-109, 4,586)","4.2
(-0.2, 8.3)","10.5
(-0.6, 20.8)","16.9
(-1.0, 33.3)","3.7
(2.3, 5.9)","3.4
(2.1, 5.5)","3.2
(1.9, 5.1)",Not estimated,Not modeled,Not modeled,"23,939
(17,234, 35,778)"
5,CÃ´te d'Ivoire,"26.2
(18.3, 36.8)","1,051
(734, 1,475)","19.8
(7.2, 42.7)","493
(179, 1,063)","6.7
(2.7, 10.7)","7.2
(2.9, 11.4)","7.9
(3.2, 12.6)","8.6
(3.5, 13.7)","75.0
(74.3, 75.7)","79.6
(78.8, 80.4)","86.5
(85.6, 87.3)","93.4
(92.4, 94.3)","0.0
(0.0, 0.0)","2.3
(1.5, 3.2)","5.8
(3.8, 8.0)","9.3
(6.0, 12.8)","1
(-0, 3)","3
(-0, 7)","4
(-0, 12)","42
(-2, 118)","104
(-4, 295)","166
(-7, 472)","0.2
(-0.0, 0.4)","0.5
(-0.0, 1.1)","0.8
(-0.0, 1.8)","26.1
(18.2, 36.6)","26.0
(18.2, 36.5)","26.0
(18.1, 36.4)","17
(-1, 48)","42
(-1, 121)","68
(-2, 194)","678
(-21, 1,943)","1,694
(-52, 4,857)","2,711
(-84, 7,772)","3.4
(-0.1, 7.1)","8.6
(-0.3, 17.8)","13.8
(-0.4, 28.5)","25.2
(17.5, 35.2)","23.7
(16.1, 33.0)","22.3
(14.6, 31.6)","5
(-0, 13)","12
(-1, 32)","19
(-1, 51)","195
(-9, 511)","486
(-23, 1,278)","778
(-37, 2,045)","1.0
(-0.1, 1.8)","2.5
(-0.1, 4.4)","3.9
(-0.2, 7.1)","25.9
(18.1, 36.3)","25.5
(17.8, 35.8)","25.1
(17.4, 35.4)",0.69,"23,851
(15,714, 38,795)","282
(178, 481)","173
(118, 282)"
6,Democratic Republic of the Congo,"51.4
(40.6, 62.5)","7,010
(5,528, 8,513)","176.1
(50.2, 390.1)","1,292
(369, 2,862)","0.0
(0.0, 0.0)","0.5
(0.3, 0.6)","1.1
(0.9, 1.4)","1.8
(1.4, 2.2)","0.0
(0.0, 0.0)","8.8
(8.2, 9.4)","22.0
(20.4, 23.5)","35.2
(32.7, 37.7)","0.0
(0.0, 0.0)","0.1
(0.1, 0.2)","0.3
(0.2, 0.4)","0.5
(0.3, 0.6)","2
(-0, 6)","6
(-0, 16)","9
(-1, 26)","320
(-23, 880)","801
(-56, 2,199)","1,281
(-90, 3,518)","0.2
(-0.0, 0.3)","0.5
(-0.0, 0.8)","0.7
(-0.0, 1.3)","51.3
(40.4, 62.3)","51.2
(40.2, 62.1)","51.0
(40.0, 61.9)","46
(-3, 126)","114
(-8, 315)","182
(-12, 503)","6,209
(-420, 17,148)","15,523
(-1,051, 42,870)","24,837
(-1,682, 68,592)","3.6
(-0.2, 5.8)","8.9
(-0.5, 14.5)","14.2
(-0.8, 23.1)","49.4
(38.4, 60.1)","46.2
(35.8, 57.4)","43.1
(32.8, 55.5)","1
(-0, 2)","2
(-0, 4)","2
(-0, 7)","82
(-5, 243)","205
(-12, 607)","329
(-20, 972)","0.0
(-0.0, 0.1)","0.1
(-0.0, 0.2)","0.2
(-0.0, 0.3)","51.4
(40.5, 62.4)","51.4
(40.5, 62.4)","51.3
(40.4, 62.3)",2.39,Not modeled,"101
(67, 163)","397
(258, 639)"
7,Egypt,"3.0
(1.8, 4.6)","320
(198, 494)","3.9
(1.5, 7.4)","36
(14, 69)","0.0
(0.0, 0.0)","6.4
(2.9, 10.2)","16.1
(7.2, 25.6)","25.8
(11.4, 40.9)",Not modeled,Not modeled,Not modeled,Not modeled,"15.6
(7.4, 23.0)","25.8
(12.6, 37.2)","41.1
(20.4, 58.5)","56.4
(28.1, 79.8)","1
(-0, 2)","2
(-0, 6)","3
(-0, 9)","94
(-6, 251)","234
(-14, 626)","374
(-22, 1,002)","2.4
(-0.1, 5.2)","6.1
(-0.3, 12.9)","9.8
(-0.5, 20.6)","2.9
(1.8, 4.5)","2.7
(1.7, 4.3)","2.6
(1.6, 4.3)",Not modeled,Not modeled,Not modeled,Not modeled,Not modeled,Not modeled,Not modeled,Not modeled,Not modeled,Not modeled,Not modeled,Not modeled,"1
(-0, 4)","4
(-0, 9)","6
(-0, 15)","161
(-9, 403)","403
(-22, 1,008)","645
(-35, 1,612)","4.2
(-0.2, 8.4)","10.6
(-0.4, 21.0)","16.9
(-0.7, 33.6)","2.8
(1.8, 4.4)","2.6
(1.6, 4.1)","2.3
(1.3, 3.8)",19.53,Not modeled,Not modeled,Not modeled
8,Ethiopia,"35.7
(25.8, 47.4)","5,954
(4,307, 7,906)","152.0
(44.8, 290.9)","911
(269, 1,744)","0.0
(0.0, 0.0)","5.4
(2.1, 8.4)","13.4
(5.1, 21.0)","21.4
(8.2, 33.5)","0.0
(0.0, 0.0)","14.0
(12.8, 15.1)","35.0
(32.1, 37.8)","56.0
(51.3, 60.5)","0.0
(0.0, 0.0)","5.4
(4.7, 6.1)","13.5
(11.7, 15.3)","21.6
(18.7, 24.4)","20
(-1, 54)","49
(-4, 135)","79
(-6, 216)","3,298
(-239, 8,991)","8,246
(-597, 22,478)","13,193
(-955, 35,964)","2.2
(-0.1, 4.4)","5.4
(-0.3, 10.9)","8.6
(-0.4, 17.4)","34.8
(25.2, 46.2)","33.5
(24.2, 44.5)","32.3
(23.0, 43.5)","52
(-4, 127)","130
(-10, 318)","209
(-17, 509)","8,699
(-696, 21,236)","21,747
(-1,740, 53,089)","34,795
(-2,784, 84,942)","5.7
(-0.3, 9.2)","14.2
(-0.8, 23.0)","22.7
(-1.3, 36.9)","33.4
(24.2, 44.5)","30.0
(21.5, 41.3)","26.6
(18.0, 39.7)","20
(-2, 49)","50
(-4, 122)","80
(-7, 195)","3,355
(-286, 8,132)","8,387
(-716, 20,330)","13,419
(-1,145, 32,528)","2.2
(-0.1, 3.6)","5.5
(-0.3, 9.0)","8.8
(-0.5, 14.4)","34.8
(25.2, 46.0)","33.5
(24.4, 44.4)","32.2
(23.2, 43.1)",2.12,Not modeled,"61
(42, 97)","41
(28, 65)"
9,Ghana,"26.6
(17.8, 36.4)","1,057
(708, 1,446)","18.5
(6.9, 36.7)","465
(174, 925)","4.0
(1.6, 6.4)","5.5
(2.2, 8.7)","7.8
(3.1, 12.3)","10.0
(4.0, 15.9)","32.9
(30.5, 35.3)","42.7
(39.6, 45.8)","57.5
(53.2, 61.6)","72.2
(66.9, 77.4)","17.3
(8.7, 25.8)","23.7
(12.0, 35.3)","33.3
(16.8, 49.6)","42.9
(21.6, 63.8)","3
(-0, 8)","7
(-1, 21)","12
(-1, 34)","118
(-10, 337)","295
(-24, 843)","471
(-38, 1,349)","0.6
(-0.0, 1.4)","1.6
(-0.1, 3.4)","2.6
(-0.2, 5.5)","26.4
(17.6, 36.3)","26.1
(17.5, 35.9)","25.9
(17.3, 35.3)","23
(-1, 58)","58
(-3, 146)","92
(-5, 233)","915
(-49, 2,311)","2,287
(-123, 5,778)","3,659
(-197, 9,244)","5.0
(-0.2, 8.8)","12.4
(-0.6, 22.1)","19.9
(-0.9, 35.3)","25.2
(16.9, 34.3)","23.0
(14.8, 32.2)","20.8
(12.8, 31.3)","14
(-1, 35)","34
(-2, 89)","54
(-4, 142)","540
(-38, 1,410)","1,350
(-95, 3,524)","2,160
(-151, 5,638)","2.9
(-0.1, 6.2)","7.3
(-0.4, 15.4)","11.7
(-0.6, 24.7)","25.8
(17.2, 35.3)","24.5
(16.0, 33.8)","23.2
(14.8, 32.5)",4.2,"12,905
(8,372, 20,826)","1,179
(803, 1,817)","79
(50, 128)"
10,India,"16.8
(11.1, 25.2)","19,688
(13,029, 29,510)","250.7
(118.9, 422.8)","214
(102, 361)",Not modeled,Not modeled,Not modeled,Not modeled,"24.3
(20.7, 27.7)","37.3
(34.0, 40.5)","56.8
(53.8, 59.7)","76.4
(73.7, 79.0)","2.2
(1.1, 3.3)","3.1
(2.0, 4.5)","4.6
(3.3, 6.2)","6.1
(4.6, 7.9)",Not modeled,Not modeled,Not modeled,Not modeled,Not modeled,Not modeled,Not modeled,Not modeled,Not modeled,Not modeled,Not modeled,Not modeled,"13
(-1, 28)","33
(-2, 71)","53
(-3, 113)","15,440
(-735, 33,033)","38,599
(-1,838, 82,582)","61,759
(-2,941, 132,131)","6.2
(-0.3, 10.6)","15.4
(-0.8, 26.5)","24.7
(-1.3, 42.4)","15.6
(10.3, 23.3)","13.9
(8.8, 21.4)","12.1
(7.0, 19.9)","1
(-0, 2)","2
(-0, 5)","4
(-0, 7)","1,036
(-57, 2,195)","2,591
(-143, 5,487)","4,145
(-229, 8,779)","0.4
(-0.0, 0.7)","1.0
(-0.1, 1.7)","1.7
(-0.1, 2.8)","16.7
(11.1, 25.0)","16.6
(11.0, 24.8)","16.5
(10.9, 24.6)",181.48,Not modeled,"2,898
(2,098, 4,199)","2,548
(1,853, 3,611)"
11,Indonesia,"16.6
(10.8, 23.8)","3,279
(2,126, 4,694)","29.2
(12.1, 51.8)","148
(62, 263)",Not modeled,Not modeled,Not modeled,Not modeled,"43.7
(40.7, 46.7)","52.7
(49.0, 56.2)","66.1
(61.5, 70.6)","79.5
(74.0, 84.9)",Not modeled,Not modeled,Not modeled,Not modeled,Not modeled,Not modeled,Not modeled,Not modeled,Not modeled,Not modeled,Not modeled,Not modeled,Not modeled,Not modeled,Not modeled,Not modeled,"7
(-0, 16)","17
(-1, 40)","27
(-1, 64)","1,353
(-56, 3,137)","3,382
(-141, 7,842)","5,411
(-225, 12,548)","4.7
(-0.2, 8.4)","11.7
(-0.5, 21.0)","18.7
(-0.8, 33.6)","15.7
(10.2, 22.4)","14.3
(9.0, 21.2)","12.9
(7.8, 20.0)",Not modeled,Not modeled,Not modeled,Not modeled,Not modeled,Not modeled,Not modeled,Not modeled,Not modeled,Not modeled,Not modeled,Not modeled,24.11,Not modeled,"4,409
(3,091, 6,876)",Not modeled
12,Kenya,"46.8
(35.2, 58.2)","3,004
(2,256, 3,736)","53.5
(16.5, 97.1)","833
(257, 1,513)","0.0
(0.0, 0.0)","7.4
(3.7, 11.0)","18.5
(9.2, 27.5)","29.6
(14.8, 44.0)","0.0
(0.0, 0.0)","1.9
(0.9, 2.8)","4.7
(2.4, 7.1)","7.5
(3.8, 11.3)","28.0
(5.9, 53.1)","29.7
(7.5, 54.7)","32.3
(9.8, 57.1)","35.0
(12.2, 59.5)","24
(-1, 58)","59
(-3, 145)","95
(-5, 233)","1,524
(-87, 3,732)","3,809
(-217, 9,331)","6,095
(-346, 14,929)","2.9
(-0.2, 5.6)","7.2
(-0.4, 14.0)","11.5
(-0.6, 22.4)","45.2
(33.9, 56.7)","42.9
(32.1, 55.4)","40.5
(29.7, 54.2)","6
(-0, 15)","15
(-1, 38)","24
(-2, 61)","389
(-31, 976)","973
(-76, 2,440)","1,556
(-122, 3,904)","0.7
(-0.1, 1.4)","1.8
(-0.1, 3.6)","2.9
(-0.2, 5.7)","46.4
(34.9, 57.7)","45.8
(34.5, 57.0)","45.2
(34.0, 56.5)","7
(-0, 16)","17
(-1, 39)","26
(-2, 63)","424
(-28, 1,011)","1,061
(-70, 2,529)","1,697
(-111, 4,046)","0.8
(-0.1, 1.4)","2.0
(-0.1, 3.5)","3.2
(-0.2, 5.6)","46.4
(34.9, 57.7)","45.7
(34.6, 57.1)","45.0
(34.0, 56.6)",2.84,"2,437
(1,633, 3,958)","1,818
(1,256, 3,016)","88
(61, 137)"
13,Madagascar,"36.6
(26.2, 47.7)","1,441
(1,034, 1,881)","66.5
(11.4, 133.8)","1,689
(291, 3,397)","4.1
(1.8, 6.2)","4.5
(1.9, 6.9)","5.1
(2.2, 7.9)","5.8
(2.5, 8.9)","17.9
(16.6, 19.1)","19.7
(18.2, 21.0)","22.3
(20.7, 23.8)","25.0
(23.1, 26.6)","8.6
(4.4, 12.9)","13.1
(6.7, 19.8)","20.0
(10.2, 30.1)","26.8
(13.7, 40.4)","3
(-0, 8)","8
(-1, 21)","12
(-1, 33)","120
(-13, 324)","299
(-33, 811)","479
(-52, 1,297)","0.2
(-0.0, 0.4)","0.4
(-0.0, 0.9)","0.7
(-0.1, 1.5)","36.5
(26.2, 47.6)","36.4
(26.1, 47.4)","36.3
(26.0, 47.2)","13
(-1, 32)","33
(-3, 81)","54
(-5, 129)","527
(-50, 1,272)","1,317
(-124, 3,180)","2,108
(-199, 5,088)","0.8
(-0.0, 1.3)","2.0
(-0.1, 3.3)","3.2
(-0.2, 5.3)","36.3
(25.9, 47.2)","35.8
(25.6, 46.5)","35.3
(25.1, 45.8)","33
(-3, 94)","83
(-8, 236)","132
(-13, 377)","1,304
(-127, 3,716)","3,259
(-318, 9,290)","5,215
(-509, 14,864)","2.0
(-0.1, 4.0)","4.9
(-0.3, 10.0)","7.8
(-0.5, 16.0)","35.8
(25.6, 46.7)","34.6
(24.5, 45.6)","33.3
(23.5, 44.2)",2.46,Not modeled,"1,175
(781, 1,968)","24
(15, 41)"
14,Mozambique,"41.3
(30.5, 52.8)","2,109
(1,558, 2,694)","36.2
(13.3, 66.9)","710
(260, 1,310)","16.7
(12.8, 20.4)","18.2
(13.9, 22.1)","20.3
(15.5, 24.8)","22.5
(17.2, 27.4)","37.6
(37.2, 37.9)","40.3
(39.4, 41.3)","44.4
(42.6, 46.4)","48.5
(45.7, 51.5)","9.8
(6.7, 13.0)","11.2
(7.6, 14.7)","13.1
(8.9, 17.3)","15.1
(10.2, 19.9)","5
(-0, 11)","11
(-1, 28)","18
(-1, 45)","231
(-11, 574)","576
(-27, 1,435)","922
(-44, 2,296)","0.7
(-0.0, 1.2)","1.6
(-0.1, 2.9)","2.6
(-0.2, 4.7)","41.0
(30.2, 52.1)","40.6
(29.9, 51.7)","40.1
(29.5, 50.9)","10
(-0, 25)","25
(-1, 62)","39
(-2, 99)","503
(-22, 1,259)","1,259
(-56, 3,147)","2,014
(-89, 5,035)","1.4
(-0.1, 2.6)","3.6
(-0.2, 6.4)","5.7
(-0.3, 10.3)","40.7
(29.9, 51.7)","39.7
(29.4, 50.1)","38.6
(28.7, 49.1)","4
(-0, 10)","10
(-0, 25)","16
(-1, 41)","203
(-9, 520)","507
(-23, 1,301)","812
(-37, 2,082)","0.6
(-0.0, 1.0)","1.4
(-0.1, 2.6)","2.3
(-0.1, 4.1)","41.1
(30.3, 52.2)","40.7
(30.0, 51.7)","40.3
(29.6, 51.0)",2.94,Not modeled,"1,491
(1,028, 2,359)","216
(148, 325)"
15,Myanmar,"14.6
(9.0, 21.9)","735
(451, 1,101)","9.5
(4.1, 18.1)","189
(81, 361)",Not modeled,Not modeled,Not modeled,Not modeled,"1.1
(0.0, 2.8)","2.9
(0.4, 6.3)","5.8
(0.8, 11.4)","8.6
(1.3, 16.5)","0.0
(0.0, 0.0)","0.9
(0.4, 1.4)","2.2
(1.0, 3.5)","3.6
(1.6, 5.6)",Not modeled,Not modeled,Not modeled,Not modeled,Not modeled,Not modeled,Not modeled,Not modeled,Not modeled,Not modeled,Not modeled,Not modeled,"1
(-0, 4)","4
(-0, 10)","6
(-0, 17)","72
(-5, 210)","181
(-12, 525)","290
(-19, 840)","0.8
(-0.0, 1.8)","1.9
(-0.1, 4.5)","3.1
(-0.2, 7.2)","14.5
(8.9, 21.7)","14.3
(8.8, 21.4)","14.1
(8.7, 21.2)","1
(-0, 2)","2
(-0, 5)","3
(-0, 7)","34
(-2, 93)","86
(-6, 233)","138
(-9, 373)","0.4
(-0.0, 0.7)","0.9
(-0.0, 1.8)","1.5
(-0.1, 2.9)","14.6
(9.0, 21.9)","14.5
(8.9, 21.7)","14.4
(8.9, 21.5)",9.81,Not modeled,"37,347
(21,957, 68,897)","907
(625, 1,441)"
16,Nepal,"9.6
(6.3, 14.0)","288
(188, 418)","3.8
(1.5, 7.6)","128
(52, 252)",Not modeled,Not modeled,Not modeled,Not modeled,"0.0
(0.0, 0.0)","17.8
(16.5, 19.0)","44.4
(41.3, 47.4)","71.0
(66.1, 75.8)","5.2
(2.3, 8.1)","12.8
(5.7, 20.0)","24.1
(10.8, 37.8)","35.5
(15.9, 55.6)",Not modeled,Not modeled,Not modeled,Not modeled,Not modeled,Not modeled,Not modeled,Not modeled,Not modeled,Not modeled,Not modeled,Not modeled,"10
(-1, 24)","24
(-1, 60)","39
(-2, 95)","290
(-17, 713)","725
(-43, 1,783)","1,160
(-69, 2,853)","7.6
(-0.5, 12.1)","18.9
(-1.1, 30.3)","30.3
(-1.8, 48.5)","8.8
(5.7, 12.9)","7.6
(4.9, 11.9)","6.5
(3.6, 11.2)","4
(-0, 12)","11
(-0, 30)","17
(-1, 48)","128
(-6, 361)","319
(-15, 903)","511
(-23, 1,445)","3.3
(-0.1, 6.9)","8.3
(-0.3, 17.2)","13.3
(-0.5, 27.6)","9.3
(6.0, 13.4)","8.7
(5.6, 12.8)","8.2
(5.2, 12.4)",1.13,Not modeled,"988
(687, 1,470)","448
(291, 735)"
17,Niger,"64.7
(54.8, 74.0)","3,138
(2,657, 3,593)","336.9
(47.3, 729.1)","6,942
(975, 15,024)","3.9
(1.7, 6.2)","4.0
(1.7, 6.2)","4.0
(1.7, 6.2)","4.0
(1.7, 6.3)","74.9
(69.6, 79.9)","76.0
(70.6, 81.1)","77.6
(72.1, 82.8)","79.2
(73.6, 84.5)","30.3
(15.8, 45.7)","31.3
(16.4, 47.1)","32.7
(17.1, 49.3)","34.2
(17.9, 51.5)","1
(-0, 2)","1
(-0, 4)","2
(-0, 7)","28
(-3, 86)","70
(-8, 214)","112
(-13, 342)","0.0
(-0.0, 0.0)","0.0
(-0.0, 0.0)","0.0
(-0.0, 0.1)","64.7
(54.7, 74.0)","64.7
(54.7, 74.0)","64.6
(54.7, 74.0)","57
(-5, 172)","142
(-12, 431)","227
(-19, 690)","2,749
(-229, 8,371)","6,874
(-573, 20,927)","10,998
(-917, 33,483)","0.8
(-0.0, 1.7)","2.0
(-0.1, 4.2)","3.2
(-0.1, 6.8)","64.1
(54.3, 73.3)","63.3
(53.3, 72.6)","62.4
(52.4, 72.0)","36
(-4, 114)","90
(-9, 284)","144
(-15, 454)","1,748
(-183, 5,510)","4,369
(-457, 13,774)","6,991
(-731, 22,039)","0.5
(-0.0, 1.1)","1.3
(-0.1, 2.8)","2.0
(-0.1, 4.6)","64.3
(54.5, 73.6)","63.8
(54.1, 73.1)","63.3
(53.5, 72.5)",1.59,Not modeled,"155
(93, 285)","20
(12, 37)"
18,Nigeria,"8.1
(5.2, 12.1)","2,701
(1,750, 4,067)","231.3
(51.6, 464.0)","690
(154, 1,384)","1.2
(0.6, 1.9)","2.7
(1.8, 3.6)","4.9
(3.7, 6.1)","7.0
(5.5, 8.6)","7.5
(5.7, 9.2)","12.3
(10.4, 14.3)","19.6
(17.3, 22.0)","27.0
(24.2, 29.8)","17.5
(15.1, 19.8)","26.5
(24.2, 28.8)","40.0
(37.7, 42.3)","53.6
(51.2, 55.9)","4
(-0, 11)","10
(-1, 27)","16
(-1, 43)","1,358
(-111, 3,621)","3,394
(-278, 9,052)","5,431
(-445, 14,483)","0.6
(-0.0, 1.0)","1.5
(-0.1, 2.5)","2.3
(-0.1, 4.0)","8.0
(5.2, 12.1)","7.9
(5.1, 12.0)","7.8
(5.1, 11.8)","14
(-1, 36)","35
(-3, 91)","56
(-5, 146)","4,711
(-385, 12,222)","11,777
(-963, 30,556)","18,843
(-1,541, 48,889)","2.0
(-0.1, 3.3)","5.1
(-0.3, 8.3)","8.1
(-0.5, 13.3)","7.9
(5.1, 11.9)","7.6
(4.9, 11.4)","7.3
(4.7, 11.0)","28
(-2, 73)","69
(-5, 182)","110
(-8, 291)","9,223
(-705, 24,385)","23,058
(-1,762, 60,962)","36,893
(-2,819, 97,539)","4.0
(-0.2, 6.6)","9.9
(-0.6, 16.6)","15.9
(-0.9, 26.5)","7.7
(5.0, 11.6)","7.2
(4.6, 10.9)","6.6
(4.2, 10.3)",17.92,Not modeled,"961
(646, 1,589)","5
(4, 9)"
19,Pakistan,"6.9
(4.5, 10.3)","2,106
(1,374, 3,155)","45.5
(17.2, 86.4)","149
(56, 283)",Not modeled,Not modeled,Not modeled,Not modeled,"29.0
(14.3, 42.9)","38.5
(19.4, 54.1)","52.7
(27.0, 70.8)","67.0
(34.7, 87.5)","0.0
(0.0, 0.0)","8.3
(3.3, 13.6)","20.9
(8.1, 33.9)","33.4
(13.0, 54.3)",Not modeled,Not modeled,Not modeled,Not modeled,Not modeled,Not modeled,Not modeled,Not modeled,Not modeled,Not modeled,Not modeled,Not modeled,"7
(-0, 19)","17
(-1, 47)","28
(-1, 75)","2,105
(-88, 5,754)","5,263
(-220, 14,385)","8,421
(-352, 23,016)","4.6
(-0.2, 9.2)","11.6
(-0.6, 23.0)","18.5
(-1.0, 36.9)","6.5
(4.2, 10.0)","6.0
(3.8, 9.3)","5.5
(3.2, 8.7)","5
(-0, 14)","13
(-1, 34)","20
(-1, 54)","1,557
(-85, 4,126)","3,892
(-213, 10,314)","6,227
(-341, 16,502)","3.4
(-0.3, 7.2)","8.5
(-0.7, 18.1)","13.6
(-1.1, 28.9)","6.6
(4.3, 10.0)","6.3
(4.0, 9.6)","5.9
(3.6, 9.1)",37.99,Not modeled,"4,743
(3,138, 7,612)","798
(525, 1,299)"
20,South Africa,"10.8
(7.0, 16.2)","552
(355, 825)","7.9
(2.0, 16.2)","154
(39, 319)","58.1
(47.7, 68.6)","65.7
(56.8, 74.7)","77.2
(70.5, 83.9)","88.7
(84.1, 93.2)","30.2
(28.2, 32.3)","35.8
(33.5, 38.4)","44.3
(41.4, 47.4)","52.8
(49.4, 56.5)","5.7
(2.7, 8.4)","6.7
(3.3, 9.8)","8.2
(4.3, 11.9)","9.8
(5.3, 14.0)","6
(-0, 16)","15
(-1, 41)","24
(-1, 65)","310
(-12, 834)","774
(-30, 2,085)","1,239
(-49, 3,336)","3.9
(-0.2, 7.8)","9.8
(-0.6, 19.4)","15.7
(-0.9, 31.0)","10.3
(6.6, 15.4)","9.4
(5.9, 14.5)","8.6
(5.1, 13.5)","4
(-0, 10)","9
(-0, 24)","15
(-1, 38)","190
(-8, 485)","476
(-21, 1,212)","761
(-33, 1,939)","2.4
(-0.2, 4.3)","6.0
(-0.4, 10.6)","9.6
(-0.7, 17.0)","10.5
(6.8, 15.8)","10.0
(6.4, 15.1)","9.5
(6.0, 14.5)","1
(-0, 2)","1
(-0, 4)","2
(-0, 6)","31
(-2, 80)","76
(-4, 200)","122
(-7, 320)","0.4
(-0.0, 0.7)","1.0
(-0.1, 1.8)","1.5
(-0.1, 2.9)","10.8
(6.9, 16.2)","10.7
(6.9, 16.2)","10.6
(6.9, 16.0)",11.31,"75,964
(49,460, 130,740)","15,533
(10,254, 25,119)","1,708
(1,109, 2,800)"
21,Sudan,"19.5
(13.0, 28.0)","1,076
(719, 1,544)","19.8
(6.7, 44.5)","358
(121, 808)","5.7
(2.4, 8.8)","11.0
(4.6, 16.9)","18.8
(7.9, 29.0)","26.7
(11.2, 41.1)","80.0
(74.5, 85.6)","80.0
(74.5, 85.6)","80.0
(74.5, 85.6)","80.0
(74.5, 85.6)","6.5
(3.3, 9.6)","16.7
(8.5, 24.7)","32.1
(16.2, 47.2)","47.4
(24.0, 69.8)","8
(-0, 20)","19
(-1, 51)","31
(-1, 82)","428
(-21, 1,130)","1,071
(-52, 2,825)","1,713
(-83, 4,520)","2.2
(-0.1, 4.4)","5.5
(-0.3, 11.1)","8.8
(-0.5, 17.7)","19.0
(12.6, 27.3)","18.3
(12.0, 26.7)","17.6
(11.3, 26.3)","0
(0, 0)","0
(0, 0)","0
(0, 0)","0
(0, 0)","0
(0, 0)","0
(0, 0)","0.0
(0.0, 0.0)","0.0
(0.0, 0.0)","0.0
(0.0, 0.0)","19.5
(13.0, 28.0)","19.5
(13.0, 28.0)","19.5
(13.0, 28.0)","15
(-1, 44)","38
(-2, 110)","61
(-4, 177)","845
(-49, 2,437)","2,112
(-124, 6,092)","3,379
(-198, 9,747)","4.3
(-0.3, 8.7)","10.7
(-0.7, 21.7)","17.2
(-1.1, 34.8)","18.6
(12.4, 26.6)","17.1
(11.0, 24.9)","15.7
(9.4, 24.5)",Not modeled,Not modeled,Not modeled,Not modeled
22,Uganda,"21.6
(15.8, 28.3)","1,530
(1,123, 2,009)","40.7
(8.2, 100.5)","575
(115, 1,417)","6.5
(3.4, 9.7)","13.7
(9.3, 18.1)","24.5
(18.2, 30.9)","35.2
(27.1, 43.6)","54.3
(48.6, 60.3)","61.3
(55.9, 66.9)","71.6
(66.8, 76.7)","82.0
(77.7, 86.6)","8.5
(5.5, 11.4)","8.9
(5.9, 11.8)","9.6
(6.5, 12.5)","10.2
(7.1, 13.2)","19
(-1, 57)","48
(-4, 141)","78
(-6, 226)","1,375
(-101, 4,009)","3,436
(-252, 10,022)","5,498
(-404, 16,035)","3.3
(-0.2, 5.7)","8.4
(-0.5, 14.3)","13.4
(-0.8, 22.9)","20.8
(15.3, 27.4)","19.7
(14.3, 26.3)","18.5
(13.3, 25.0)","26
(-1, 78)","66
(-3, 194)","105
(-5, 310)","1,859
(-92, 5,498)","4,648
(-230, 13,745)","7,437
(-368, 21,992)","4.5
(-0.2, 8.5)","11.3
(-0.5, 21.3)","18.1
(-0.7, 34.1)","20.5
(15.1, 27.2)","19.0
(13.7, 25.5)","17.4
(11.8, 24.3)","1
(-0, 3)","3
(-0, 9)","5
(-0, 14)","81
(-5, 245)","203
(-13, 612)","325
(-21, 979)","0.2
(-0.0, 0.3)","0.5
(-0.0, 0.8)","0.8
(-0.0, 1.3)","21.5
(15.8, 28.3)","21.5
(15.8, 28.2)","21.4
(15.8, 28.1)",1.87,"518
(322, 876)","277
(175, 492)",Not modeled
23,United Republic of Tanzania,"21.6
(15.7, 28.6)","2,006
(1,465, 2,658)","37.8
(11.8, 82.2)","406
(127, 883)","2.5
(1.3, 3.7)","9.3
(6.8, 11.7)","19.6
(15.2, 23.8)","29.8
(23.5, 35.9)","53.7
(46.7, 60.8)","61.5
(55.2, 67.9)","73.2
(67.9, 78.5)","84.9
(80.6, 89.2)","32.9
(27.0, 38.7)","36.4
(30.1, 42.5)","41.6
(34.8, 48.2)","46.8
(39.5, 53.9)","12
(-1, 34)","31
(-2, 85)","49
(-4, 136)","1,148
(-85, 3,153)","2,871
(-213, 7,883)","4,593
(-341, 12,613)","3.0
(-0.2, 5.2)","7.6
(-0.4, 12.9)","12.1
(-0.7, 20.7)","20.9
(15.3, 27.7)","19.8
(14.5, 26.5)","18.8
(13.5, 25.6)","20
(-1, 58)","50
(-3, 144)","80
(-4, 230)","1,870
(-100, 5,352)","4,674
(-249, 13,379)","7,478
(-399, 21,407)","4.9
(-0.2, 9.3)","12.3
(-0.5, 23.1)","19.7
(-0.8, 37.0)","20.4
(14.9, 27.0)","18.7
(13.3, 25.8)","17.0
(11.3, 24.7)","8
(-0, 21)","19
(-1, 53)","31
(-2, 85)","710
(-42, 1,988)","1,776
(-104, 4,969)","2,842
(-167, 7,950)","1.9
(-0.1, 3.4)","4.7
(-0.2, 8.4)","7.5
(-0.4, 13.4)","21.1
(15.4, 28.1)","20.5
(15.0, 27.2)","19.8
(14.4, 26.4)",4.94,"1,587
(1,076, 2,589)","709
(450, 1,198)","52
(34, 88)"
24,Viet Nam,"8.6
(5.5, 12.9)","594
(379, 897)","2.1
(1.1, 3.6)","30
(15, 53)",Not modeled,Not modeled,Not modeled,Not modeled,"0.0
(0.0, 0.0)","16.8
(12.5, 19.8)","42.1
(31.4, 49.5)","67.3
(50.2, 79.1)","4.1
(1.8, 6.2)","7.6
(3.4, 11.6)","12.9
(5.8, 19.6)","18.3
(8.1, 27.7)",Not modeled,Not modeled,Not modeled,Not modeled,Not modeled,Not modeled,Not modeled,Not modeled,Not modeled,Not modeled,Not modeled,Not modeled,"2
(-0, 5)","6
(-0, 13)","9
(-0, 21)","158
(-8, 362)","395
(-20, 904)","631
(-32, 1,447)","7.4
(-0.4, 12.7)","18.5
(-1.1, 31.8)","29.6
(-1.8, 50.9)","7.9
(5.0, 12.1)","6.9
(4.2, 10.8)","5.9
(3.3, 10.1)","0
(-0, 1)","1
(-0, 3)","2
(-0, 5)","34
(-2, 83)","85
(-5, 208)","135
(-7, 333)","1.6
(-0.1, 3.3)","4.0
(-0.2, 8.2)","6.4
(-0.3, 13.1)","8.4
(5.4, 12.8)","8.2
(5.2, 12.5)","8.0
(5.1, 12.1)",4.34,Not modeled,"6,757
(4,911, 9,975)","1,532
(1,031, 2,389)"
